cpu,traffic,packet_loss,latency,signal_strength,throughput,fault
20,25,0.2,20,-55,90,normal
30,35,0.5,25,-60,85,normal
40,40,0.3,30,-58,80,normal
45,50,0.8,35,-62,75,normal
50,55,1.0,40,-65,70,normal

85,90,1.5,55,-65,55,congestion
90,92,2.0,60,-68,50,congestion
95,95,2.5,70,-70,40,congestion
88,93,3.0,65,-72,45,congestion
92,96,2.8,75,-74,38,congestion

85,40,1.0,100,-60,65,high_latency
80,45,1.2,110,-62,60,high_latency
75,50,0.8,120,-64,55,high_latency
70,55,1.0,95,-65,58,high_latency

40,50,6.0,50,-65,65,packet_loss
45,55,8.0,55,-68,60,packet_loss
50,60,10.0,60,-70,55,packet_loss
55,65,7.0,65,-72,50,packet_loss

95,50,1.0,45,-60,65,high_cpu
98,55,1.2,50,-62,60,high_cpu
96,60,1.0,55,-64,55,high_cpu
94,45,0.8,48,-60,70,high_cpu